id_reunion,date_reunion,adresse_reunion,id_repas
1,"TO_TIMESTAMP_TZ(2026-02-06 08:18:02 +01:00, YYYY-MM-DD HH24:MI:SS TZH:TZM)","MDSYS.SDO_GEOMETRY(2001, 8307, MDSYS.SDO_POINT_TYPE(5.1277, 43.5668, NULL), NULL, NULL)",38
2,"TO_TIMESTAMP_TZ(2025-11-06 10:01:19 +01:00, YYYY-MM-DD HH24:MI:SS TZH:TZM)","MDSYS.SDO_GEOMETRY(2001, 8307, MDSYS.SDO_POINT_TYPE(5.5213, 43.8262, NULL), NULL, NULL)",44
3,"TO_TIMESTAMP_TZ(2026-03-15 19:12:24 +01:00, YYYY-MM-DD HH24:MI:SS TZH:TZM)","MDSYS.SDO_GEOMETRY(2001, 8307, MDSYS.SDO_POINT_TYPE(5.0205, 43.697, NULL), NULL, NULL)",43
4,"TO_TIMESTAMP_TZ(2025-08-04 09:10:15 +01:00, YYYY-MM-DD HH24:MI:SS TZH:TZM)","MDSYS.SDO_GEOMETRY(2001, 8307, MDSYS.SDO_POINT_TYPE(5.3825, 43.8145, NULL), NULL, NULL)",88
5,"TO_TIMESTAMP_TZ(2026-02-16 23:24:46 +01:00, YYYY-MM-DD HH24:MI:SS TZH:TZM)","MDSYS.SDO_GEOMETRY(2001, 8307, MDSYS.SDO_POINT_TYPE(5.5519, 43.5916, NULL), NULL, NULL)",151
6,"TO_TIMESTAMP_TZ(2026-05-16 18:19:37 +01:00, YYYY-MM-DD HH24:MI:SS TZH:TZM)","MDSYS.SDO_GEOMETRY(2001, 8307, MDSYS.SDO_POINT_TYPE(5.6059, 43.5282, NULL), NULL, NULL)",78
7,"TO_TIMESTAMP_TZ(2026-04-10 03:33:13 +01:00, YYYY-MM-DD HH24:MI:SS TZH:TZM)","MDSYS.SDO_GEOMETRY(2001, 8307, MDSYS.SDO_POINT_TYPE(5.119, 43.4888, NULL), NULL, NULL)",27
8,"TO_TIMESTAMP_TZ(2026-09-30 08:16:14 +01:00, YYYY-MM-DD HH24:MI:SS TZH:TZM)","MDSYS.SDO_GEOMETRY(2001, 8307, MDSYS.SDO_POINT_TYPE(5.2339, 43.7768, NULL), NULL, NULL)",156
9,"TO_TIMESTAMP_TZ(2026-10-08 15:51:14 +01:00, YYYY-MM-DD HH24:MI:SS TZH:TZM)","MDSYS.SDO_GEOMETRY(2001, 8307, MDSYS.SDO_POINT_TYPE(5.7694, 43.6594, NULL), NULL, NULL)",54
10,"TO_TIMESTAMP_TZ(2026-10-21 22:41:56 +01:00, YYYY-MM-DD HH24:MI:SS TZH:TZM)","MDSYS.SDO_GEOMETRY(2001, 8307, MDSYS.SDO_POINT_TYPE(5.4939, 43.5709, NULL), NULL, NULL)",154
11,"TO_TIMESTAMP_TZ(2026-10-06 14:11:58 +01:00, YYYY-MM-DD HH24:MI:SS TZH:TZM)","MDSYS.SDO_GEOMETRY(2001, 8307, MDSYS.SDO_POINT_TYPE(5.5931, 43.0053, NULL), NULL, NULL)",179
12,"TO_TIMESTAMP_TZ(2025-07-24 07:29:01 +01:00, YYYY-MM-DD HH24:MI:SS TZH:TZM)","MDSYS.SDO_GEOMETRY(2001, 8307, MDSYS.SDO_POINT_TYPE(5.518, 43.5418, NULL), NULL, NULL)",190
13,"TO_TIMESTAMP_TZ(2026-10-08 21:10:37 +01:00, YYYY-MM-DD HH24:MI:SS TZH:TZM)","MDSYS.SDO_GEOMETRY(2001, 8307, MDSYS.SDO_POINT_TYPE(5.5806, 43.4033, NULL), NULL, NULL)",161
14,"TO_TIMESTAMP_TZ(2026-04-24 13:34:10 +01:00, YYYY-MM-DD HH24:MI:SS TZH:TZM)","MDSYS.SDO_GEOMETRY(2001, 8307, MDSYS.SDO_POINT_TYPE(5.994, 43.3727, NULL), NULL, NULL)",48
15,"TO_TIMESTAMP_TZ(2026-02-24 01:01:53 +01:00, YYYY-MM-DD HH24:MI:SS TZH:TZM)","MDSYS.SDO_GEOMETRY(2001, 8307, MDSYS.SDO_POINT_TYPE(5.5295, 43.5522, NULL), NULL, NULL)",39
16,"TO_TIMESTAMP_TZ(2026-03-15 04:09:09 +01:00, YYYY-MM-DD HH24:MI:SS TZH:TZM)","MDSYS.SDO_GEOMETRY(2001, 8307, MDSYS.SDO_POINT_TYPE(5.9098, 43.3044, NULL), NULL, NULL)",136
17,"TO_TIMESTAMP_TZ(2025-04-04 21:47:48 +01:00, YYYY-MM-DD HH24:MI:SS TZH:TZM)","MDSYS.SDO_GEOMETRY(2001, 8307, MDSYS.SDO_POINT_TYPE(5.3733, 43.4305, NULL), NULL, NULL)",161
18,"TO_TIMESTAMP_TZ(2026-12-28 00:32:17 +01:00, YYYY-MM-DD HH24:MI:SS TZH:TZM)","MDSYS.SDO_GEOMETRY(2001, 8307, MDSYS.SDO_POINT_TYPE(5.2697, 43.9458, NULL), NULL, NULL)",65
19,"TO_TIMESTAMP_TZ(2025-07-05 19:14:48 +01:00, YYYY-MM-DD HH24:MI:SS TZH:TZM)","MDSYS.SDO_GEOMETRY(2001, 8307, MDSYS.SDO_POINT_TYPE(5.5912, 43.0812, NULL), NULL, NULL)",177
20,"TO_TIMESTAMP_TZ(2026-09-06 18:05:16 +01:00, YYYY-MM-DD HH24:MI:SS TZH:TZM)","MDSYS.SDO_GEOMETRY(2001, 8307, MDSYS.SDO_POINT_TYPE(5.5772, 43.782, NULL), NULL, NULL)",193
21,"TO_TIMESTAMP_TZ(2026-02-25 01:58:34 +01:00, YYYY-MM-DD HH24:MI:SS TZH:TZM)","MDSYS.SDO_GEOMETRY(2001, 8307, MDSYS.SDO_POINT_TYPE(5.3042, 43.954, NULL), NULL, NULL)",145
22,"TO_TIMESTAMP_TZ(2025-02-28 04:35:08 +01:00, YYYY-MM-DD HH24:MI:SS TZH:TZM)","MDSYS.SDO_GEOMETRY(2001, 8307, MDSYS.SDO_POINT_TYPE(5.8515, 43.6475, NULL), NULL, NULL)",97
23,"TO_TIMESTAMP_TZ(2025-03-16 12:42:35 +01:00, YYYY-MM-DD HH24:MI:SS TZH:TZM)","MDSYS.SDO_GEOMETRY(2001, 8307, MDSYS.SDO_POINT_TYPE(5.0894, 43.796, NULL), NULL, NULL)",163
24,"TO_TIMESTAMP_TZ(2025-08-10 02:32:38 +01:00, YYYY-MM-DD HH24:MI:SS TZH:TZM)","MDSYS.SDO_GEOMETRY(2001, 8307, MDSYS.SDO_POINT_TYPE(5.1656, 43.744, NULL), NULL, NULL)",31
25,"TO_TIMESTAMP_TZ(2025-04-29 07:08:40 +01:00, YYYY-MM-DD HH24:MI:SS TZH:TZM)","MDSYS.SDO_GEOMETRY(2001, 8307, MDSYS.SDO_POINT_TYPE(5.4468, 43.4788, NULL), NULL, NULL)",105
26,"TO_TIMESTAMP_TZ(2025-06-24 00:05:45 +01:00, YYYY-MM-DD HH24:MI:SS TZH:TZM)","MDSYS.SDO_GEOMETRY(2001, 8307, MDSYS.SDO_POINT_TYPE(5.6206, 43.1288, NULL), NULL, NULL)",53
27,"TO_TIMESTAMP_TZ(2026-12-18 20:58:40 +01:00, YYYY-MM-DD HH24:MI:SS TZH:TZM)","MDSYS.SDO_GEOMETRY(2001, 8307, MDSYS.SDO_POINT_TYPE(5.8446, 43.9207, NULL), NULL, NULL)",186
28,"TO_TIMESTAMP_TZ(2025-08-24 19:59:17 +01:00, YYYY-MM-DD HH24:MI:SS TZH:TZM)","MDSYS.SDO_GEOMETRY(2001, 8307, MDSYS.SDO_POINT_TYPE(5.5691, 43.6516, NULL), NULL, NULL)",133
29,"TO_TIMESTAMP_TZ(2026-11-08 04:16:26 +01:00, YYYY-MM-DD HH24:MI:SS TZH:TZM)","MDSYS.SDO_GEOMETRY(2001, 8307, MDSYS.SDO_POINT_TYPE(5.2176, 43.4957, NULL), NULL, NULL)",171
30,"TO_TIMESTAMP_TZ(2025-05-03 18:59:01 +01:00, YYYY-MM-DD HH24:MI:SS TZH:TZM)","MDSYS.SDO_GEOMETRY(2001, 8307, MDSYS.SDO_POINT_TYPE(5.206, 43.3259, NULL), NULL, NULL)",58
31,"TO_TIMESTAMP_TZ(2026-08-19 06:19:03 +01:00, YYYY-MM-DD HH24:MI:SS TZH:TZM)","MDSYS.SDO_GEOMETRY(2001, 8307, MDSYS.SDO_POINT_TYPE(5.1565, 43.1802, NULL), NULL, NULL)",189
32,"TO_TIMESTAMP_TZ(2026-09-10 01:52:38 +01:00, YYYY-MM-DD HH24:MI:SS TZH:TZM)","MDSYS.SDO_GEOMETRY(2001, 8307, MDSYS.SDO_POINT_TYPE(5.4208, 43.6471, NULL), NULL, NULL)",165
33,"TO_TIMESTAMP_TZ(2025-03-22 19:38:41 +01:00, YYYY-MM-DD HH24:MI:SS TZH:TZM)","MDSYS.SDO_GEOMETRY(2001, 8307, MDSYS.SDO_POINT_TYPE(5.5639, 43.3575, NULL), NULL, NULL)",47
34,"TO_TIMESTAMP_TZ(2026-07-21 14:13:19 +01:00, YYYY-MM-DD HH24:MI:SS TZH:TZM)","MDSYS.SDO_GEOMETRY(2001, 8307, MDSYS.SDO_POINT_TYPE(5.4449, 43.208, NULL), NULL, NULL)",3
35,"TO_TIMESTAMP_TZ(2025-01-31 09:58:14 +01:00, YYYY-MM-DD HH24:MI:SS TZH:TZM)","MDSYS.SDO_GEOMETRY(2001, 8307, MDSYS.SDO_POINT_TYPE(5.8784, 43.2667, NULL), NULL, NULL)",157
36,"TO_TIMESTAMP_TZ(2026-10-10 18:55:59 +01:00, YYYY-MM-DD HH24:MI:SS TZH:TZM)","MDSYS.SDO_GEOMETRY(2001, 8307, MDSYS.SDO_POINT_TYPE(5.6201, 43.8938, NULL), NULL, NULL)",106
37,"TO_TIMESTAMP_TZ(2026-08-13 11:28:55 +01:00, YYYY-MM-DD HH24:MI:SS TZH:TZM)","MDSYS.SDO_GEOMETRY(2001, 8307, MDSYS.SDO_POINT_TYPE(5.019, 43.8217, NULL), NULL, NULL)",173
38,"TO_TIMESTAMP_TZ(2025-01-13 16:41:41 +01:00, YYYY-MM-DD HH24:MI:SS TZH:TZM)","MDSYS.SDO_GEOMETRY(2001, 8307, MDSYS.SDO_POINT_TYPE(5.9962, 43.9073, NULL), NULL, NULL)",45
39,"TO_TIMESTAMP_TZ(2026-03-21 13:40:35 +01:00, YYYY-MM-DD HH24:MI:SS TZH:TZM)","MDSYS.SDO_GEOMETRY(2001, 8307, MDSYS.SDO_POINT_TYPE(5.2668, 43.1738, NULL), NULL, NULL)",127
40,"TO_TIMESTAMP_TZ(2026-03-20 08:04:36 +01:00, YYYY-MM-DD HH24:MI:SS TZH:TZM)","MDSYS.SDO_GEOMETRY(2001, 8307, MDSYS.SDO_POINT_TYPE(5.3392, 43.5564, NULL), NULL, NULL)",69
41,"TO_TIMESTAMP_TZ(2026-12-08 15:12:01 +01:00, YYYY-MM-DD HH24:MI:SS TZH:TZM)","MDSYS.SDO_GEOMETRY(2001, 8307, MDSYS.SDO_POINT_TYPE(5.2842, 43.1639, NULL), NULL, NULL)",86
42,"TO_TIMESTAMP_TZ(2026-09-15 02:52:52 +01:00, YYYY-MM-DD HH24:MI:SS TZH:TZM)","MDSYS.SDO_GEOMETRY(2001, 8307, MDSYS.SDO_POINT_TYPE(5.6076, 43.654, NULL), NULL, NULL)",38
43,"TO_TIMESTAMP_TZ(2026-05-18 19:52:54 +01:00, YYYY-MM-DD HH24:MI:SS TZH:TZM)","MDSYS.SDO_GEOMETRY(2001, 8307, MDSYS.SDO_POINT_TYPE(5.4402, 43.3064, NULL), NULL, NULL)",176
44,"TO_TIMESTAMP_TZ(2026-09-22 00:36:33 +01:00, YYYY-MM-DD HH24:MI:SS TZH:TZM)","MDSYS.SDO_GEOMETRY(2001, 8307, MDSYS.SDO_POINT_TYPE(5.3295, 43.9014, NULL), NULL, NULL)",38
45,"TO_TIMESTAMP_TZ(2025-03-29 10:26:59 +01:00, YYYY-MM-DD HH24:MI:SS TZH:TZM)","MDSYS.SDO_GEOMETRY(2001, 8307, MDSYS.SDO_POINT_TYPE(5.7033, 43.0616, NULL), NULL, NULL)",90
46,"TO_TIMESTAMP_TZ(2026-09-25 01:18:01 +01:00, YYYY-MM-DD HH24:MI:SS TZH:TZM)","MDSYS.SDO_GEOMETRY(2001, 8307, MDSYS.SDO_POINT_TYPE(5.3857, 43.1982, NULL), NULL, NULL)",89
47,"TO_TIMESTAMP_TZ(2025-12-07 00:40:42 +01:00, YYYY-MM-DD HH24:MI:SS TZH:TZM)","MDSYS.SDO_GEOMETRY(2001, 8307, MDSYS.SDO_POINT_TYPE(5.9505, 43.8382, NULL), NULL, NULL)",45
48,"TO_TIMESTAMP_TZ(2025-10-02 16:55:38 +01:00, YYYY-MM-DD HH24:MI:SS TZH:TZM)","MDSYS.SDO_GEOMETRY(2001, 8307, MDSYS.SDO_POINT_TYPE(5.6083, 43.1305, NULL), NULL, NULL)",106
49,"TO_TIMESTAMP_TZ(2025-05-05 07:20:35 +01:00, YYYY-MM-DD HH24:MI:SS TZH:TZM)","MDSYS.SDO_GEOMETRY(2001, 8307, MDSYS.SDO_POINT_TYPE(5.0309, 43.1827, NULL), NULL, NULL)",120
50,"TO_TIMESTAMP_TZ(2025-07-04 18:42:51 +01:00, YYYY-MM-DD HH24:MI:SS TZH:TZM)","MDSYS.SDO_GEOMETRY(2001, 8307, MDSYS.SDO_POINT_TYPE(5.9239, 43.7934, NULL), NULL, NULL)",41
51,"TO_TIMESTAMP_TZ(2025-10-05 02:35:55 +01:00, YYYY-MM-DD HH24:MI:SS TZH:TZM)","MDSYS.SDO_GEOMETRY(2001, 8307, MDSYS.SDO_POINT_TYPE(5.239, 43.3581, NULL), NULL, NULL)",82
52,"TO_TIMESTAMP_TZ(2025-01-24 00:03:03 +01:00, YYYY-MM-DD HH24:MI:SS TZH:TZM)","MDSYS.SDO_GEOMETRY(2001, 8307, MDSYS.SDO_POINT_TYPE(5.459, 43.4853, NULL), NULL, NULL)",12
53,"TO_TIMESTAMP_TZ(2025-12-17 08:46:13 +01:00, YYYY-MM-DD HH24:MI:SS TZH:TZM)","MDSYS.SDO_GEOMETRY(2001, 8307, MDSYS.SDO_POINT_TYPE(5.7514, 43.6142, NULL), NULL, NULL)",2
54,"TO_TIMESTAMP_TZ(2025-11-28 18:08:18 +01:00, YYYY-MM-DD HH24:MI:SS TZH:TZM)","MDSYS.SDO_GEOMETRY(2001, 8307, MDSYS.SDO_POINT_TYPE(5.7073, 43.1275, NULL), NULL, NULL)",159
55,"TO_TIMESTAMP_TZ(2026-03-17 04:54:52 +01:00, YYYY-MM-DD HH24:MI:SS TZH:TZM)","MDSYS.SDO_GEOMETRY(2001, 8307, MDSYS.SDO_POINT_TYPE(5.0243, 43.0986, NULL), NULL, NULL)",185
56,"TO_TIMESTAMP_TZ(2025-09-11 22:01:09 +01:00, YYYY-MM-DD HH24:MI:SS TZH:TZM)","MDSYS.SDO_GEOMETRY(2001, 8307, MDSYS.SDO_POINT_TYPE(5.5071, 43.3739, NULL), NULL, NULL)",9
57,"TO_TIMESTAMP_TZ(2026-05-27 10:30:44 +01:00, YYYY-MM-DD HH24:MI:SS TZH:TZM)","MDSYS.SDO_GEOMETRY(2001, 8307, MDSYS.SDO_POINT_TYPE(5.5225, 43.8021, NULL), NULL, NULL)",4
58,"TO_TIMESTAMP_TZ(2025-05-02 07:23:26 +01:00, YYYY-MM-DD HH24:MI:SS TZH:TZM)","MDSYS.SDO_GEOMETRY(2001, 8307, MDSYS.SDO_POINT_TYPE(5.4287, 43.5146, NULL), NULL, NULL)",9
59,"TO_TIMESTAMP_TZ(2026-09-25 04:52:04 +01:00, YYYY-MM-DD HH24:MI:SS TZH:TZM)","MDSYS.SDO_GEOMETRY(2001, 8307, MDSYS.SDO_POINT_TYPE(5.2146, 43.309, NULL), NULL, NULL)",138
60,"TO_TIMESTAMP_TZ(2026-06-17 13:09:58 +01:00, YYYY-MM-DD HH24:MI:SS TZH:TZM)","MDSYS.SDO_GEOMETRY(2001, 8307, MDSYS.SDO_POINT_TYPE(5.2406, 43.5084, NULL), NULL, NULL)",62
61,"TO_TIMESTAMP_TZ(2026-05-16 08:26:55 +01:00, YYYY-MM-DD HH24:MI:SS TZH:TZM)","MDSYS.SDO_GEOMETRY(2001, 8307, MDSYS.SDO_POINT_TYPE(5.0337, 43.6794, NULL), NULL, NULL)",110
62,"TO_TIMESTAMP_TZ(2026-02-11 15:53:20 +01:00, YYYY-MM-DD HH24:MI:SS TZH:TZM)","MDSYS.SDO_GEOMETRY(2001, 8307, MDSYS.SDO_POINT_TYPE(5.2283, 43.6213, NULL), NULL, NULL)",111
63,"TO_TIMESTAMP_TZ(2025-12-09 22:50:52 +01:00, YYYY-MM-DD HH24:MI:SS TZH:TZM)","MDSYS.SDO_GEOMETRY(2001, 8307, MDSYS.SDO_POINT_TYPE(5.2105, 43.1024, NULL), NULL, NULL)",64
64,"TO_TIMESTAMP_TZ(2026-11-29 22:05:08 +01:00, YYYY-MM-DD HH24:MI:SS TZH:TZM)","MDSYS.SDO_GEOMETRY(2001, 8307, MDSYS.SDO_POINT_TYPE(5.8404, 43.4452, NULL), NULL, NULL)",123
65,"TO_TIMESTAMP_TZ(2025-12-31 22:30:11 +01:00, YYYY-MM-DD HH24:MI:SS TZH:TZM)","MDSYS.SDO_GEOMETRY(2001, 8307, MDSYS.SDO_POINT_TYPE(5.5799, 43.1074, NULL), NULL, NULL)",192
66,"TO_TIMESTAMP_TZ(2026-03-06 13:39:28 +01:00, YYYY-MM-DD HH24:MI:SS TZH:TZM)","MDSYS.SDO_GEOMETRY(2001, 8307, MDSYS.SDO_POINT_TYPE(5.6011, 43.1051, NULL), NULL, NULL)",19
67,"TO_TIMESTAMP_TZ(2025-01-16 06:13:43 +01:00, YYYY-MM-DD HH24:MI:SS TZH:TZM)","MDSYS.SDO_GEOMETRY(2001, 8307, MDSYS.SDO_POINT_TYPE(5.0973, 43.4721, NULL), NULL, NULL)",40
68,"TO_TIMESTAMP_TZ(2025-12-13 02:45:05 +01:00, YYYY-MM-DD HH24:MI:SS TZH:TZM)","MDSYS.SDO_GEOMETRY(2001, 8307, MDSYS.SDO_POINT_TYPE(5.3269, 43.7857, NULL), NULL, NULL)",169
69,"TO_TIMESTAMP_TZ(2025-11-30 07:39:02 +01:00, YYYY-MM-DD HH24:MI:SS TZH:TZM)","MDSYS.SDO_GEOMETRY(2001, 8307, MDSYS.SDO_POINT_TYPE(5.9017, 43.3311, NULL), NULL, NULL)",165
70,"TO_TIMESTAMP_TZ(2026-08-03 17:14:57 +01:00, YYYY-MM-DD HH24:MI:SS TZH:TZM)","MDSYS.SDO_GEOMETRY(2001, 8307, MDSYS.SDO_POINT_TYPE(5.8249, 43.8817, NULL), NULL, NULL)",49
71,"TO_TIMESTAMP_TZ(2025-07-11 21:59:20 +01:00, YYYY-MM-DD HH24:MI:SS TZH:TZM)","MDSYS.SDO_GEOMETRY(2001, 8307, MDSYS.SDO_POINT_TYPE(5.3719, 43.3764, NULL), NULL, NULL)",155
72,"TO_TIMESTAMP_TZ(2026-07-05 21:36:09 +01:00, YYYY-MM-DD HH24:MI:SS TZH:TZM)","MDSYS.SDO_GEOMETRY(2001, 8307, MDSYS.SDO_POINT_TYPE(5.4504, 43.8928, NULL), NULL, NULL)",148
73,"TO_TIMESTAMP_TZ(2026-05-14 01:19:15 +01:00, YYYY-MM-DD HH24:MI:SS TZH:TZM)","MDSYS.SDO_GEOMETRY(2001, 8307, MDSYS.SDO_POINT_TYPE(5.9769, 43.8562, NULL), NULL, NULL)",64
74,"TO_TIMESTAMP_TZ(2025-07-14 09:17:22 +01:00, YYYY-MM-DD HH24:MI:SS TZH:TZM)","MDSYS.SDO_GEOMETRY(2001, 8307, MDSYS.SDO_POINT_TYPE(5.3356, 43.2367, NULL), NULL, NULL)",62
75,"TO_TIMESTAMP_TZ(2026-11-07 01:38:19 +01:00, YYYY-MM-DD HH24:MI:SS TZH:TZM)","MDSYS.SDO_GEOMETRY(2001, 8307, MDSYS.SDO_POINT_TYPE(5.1374, 43.9804, NULL), NULL, NULL)",199
76,"TO_TIMESTAMP_TZ(2026-05-29 22:19:37 +01:00, YYYY-MM-DD HH24:MI:SS TZH:TZM)","MDSYS.SDO_GEOMETRY(2001, 8307, MDSYS.SDO_POINT_TYPE(5.7577, 43.2092, NULL), NULL, NULL)",31
77,"TO_TIMESTAMP_TZ(2026-12-19 13:14:14 +01:00, YYYY-MM-DD HH24:MI:SS TZH:TZM)","MDSYS.SDO_GEOMETRY(2001, 8307, MDSYS.SDO_POINT_TYPE(5.1379, 43.5079, NULL), NULL, NULL)",179
78,"TO_TIMESTAMP_TZ(2025-10-16 06:04:03 +01:00, YYYY-MM-DD HH24:MI:SS TZH:TZM)","MDSYS.SDO_GEOMETRY(2001, 8307, MDSYS.SDO_POINT_TYPE(5.3468, 43.5491, NULL), NULL, NULL)",51
79,"TO_TIMESTAMP_TZ(2026-08-28 17:34:47 +01:00, YYYY-MM-DD HH24:MI:SS TZH:TZM)","MDSYS.SDO_GEOMETRY(2001, 8307, MDSYS.SDO_POINT_TYPE(5.4513, 43.9294, NULL), NULL, NULL)",94
80,"TO_TIMESTAMP_TZ(2025-01-28 18:39:31 +01:00, YYYY-MM-DD HH24:MI:SS TZH:TZM)","MDSYS.SDO_GEOMETRY(2001, 8307, MDSYS.SDO_POINT_TYPE(5.9235, 43.5773, NULL), NULL, NULL)",39
81,"TO_TIMESTAMP_TZ(2025-08-22 23:34:12 +01:00, YYYY-MM-DD HH24:MI:SS TZH:TZM)","MDSYS.SDO_GEOMETRY(2001, 8307, MDSYS.SDO_POINT_TYPE(5.4448, 43.6839, NULL), NULL, NULL)",49
82,"TO_TIMESTAMP_TZ(2026-03-28 09:28:35 +01:00, YYYY-MM-DD HH24:MI:SS TZH:TZM)","MDSYS.SDO_GEOMETRY(2001, 8307, MDSYS.SDO_POINT_TYPE(5.5251, 43.6184, NULL), NULL, NULL)",178
83,"TO_TIMESTAMP_TZ(2026-03-10 06:23:04 +01:00, YYYY-MM-DD HH24:MI:SS TZH:TZM)","MDSYS.SDO_GEOMETRY(2001, 8307, MDSYS.SDO_POINT_TYPE(5.6748, 43.6671, NULL), NULL, NULL)",122
84,"TO_TIMESTAMP_TZ(2025-11-28 08:03:52 +01:00, YYYY-MM-DD HH24:MI:SS TZH:TZM)","MDSYS.SDO_GEOMETRY(2001, 8307, MDSYS.SDO_POINT_TYPE(5.0963, 43.5951, NULL), NULL, NULL)",63
85,"TO_TIMESTAMP_TZ(2025-11-16 02:47:53 +01:00, YYYY-MM-DD HH24:MI:SS TZH:TZM)","MDSYS.SDO_GEOMETRY(2001, 8307, MDSYS.SDO_POINT_TYPE(5.4069, 43.0056, NULL), NULL, NULL)",2
86,"TO_TIMESTAMP_TZ(2025-08-24 13:03:38 +01:00, YYYY-MM-DD HH24:MI:SS TZH:TZM)","MDSYS.SDO_GEOMETRY(2001, 8307, MDSYS.SDO_POINT_TYPE(5.3334, 43.4172, NULL), NULL, NULL)",149
87,"TO_TIMESTAMP_TZ(2026-04-30 23:26:07 +01:00, YYYY-MM-DD HH24:MI:SS TZH:TZM)","MDSYS.SDO_GEOMETRY(2001, 8307, MDSYS.SDO_POINT_TYPE(5.2033, 43.641, NULL), NULL, NULL)",8
88,"TO_TIMESTAMP_TZ(2026-12-27 11:49:39 +01:00, YYYY-MM-DD HH24:MI:SS TZH:TZM)","MDSYS.SDO_GEOMETRY(2001, 8307, MDSYS.SDO_POINT_TYPE(5.897, 43.645, NULL), NULL, NULL)",179
89,"TO_TIMESTAMP_TZ(2026-07-15 13:02:09 +01:00, YYYY-MM-DD HH24:MI:SS TZH:TZM)","MDSYS.SDO_GEOMETRY(2001, 8307, MDSYS.SDO_POINT_TYPE(5.4109, 43.8704, NULL), NULL, NULL)",38
90,"TO_TIMESTAMP_TZ(2025-04-03 19:09:52 +01:00, YYYY-MM-DD HH24:MI:SS TZH:TZM)","MDSYS.SDO_GEOMETRY(2001, 8307, MDSYS.SDO_POINT_TYPE(5.5771, 43.0453, NULL), NULL, NULL)",160
91,"TO_TIMESTAMP_TZ(2025-10-19 18:47:10 +01:00, YYYY-MM-DD HH24:MI:SS TZH:TZM)","MDSYS.SDO_GEOMETRY(2001, 8307, MDSYS.SDO_POINT_TYPE(5.7955, 43.4849, NULL), NULL, NULL)",30
92,"TO_TIMESTAMP_TZ(2025-11-16 03:42:24 +01:00, YYYY-MM-DD HH24:MI:SS TZH:TZM)","MDSYS.SDO_GEOMETRY(2001, 8307, MDSYS.SDO_POINT_TYPE(5.3246, 43.052, NULL), NULL, NULL)",168
93,"TO_TIMESTAMP_TZ(2025-07-31 19:16:33 +01:00, YYYY-MM-DD HH24:MI:SS TZH:TZM)","MDSYS.SDO_GEOMETRY(2001, 8307, MDSYS.SDO_POINT_TYPE(5.2413, 43.4841, NULL), NULL, NULL)",184
94,"TO_TIMESTAMP_TZ(2026-08-01 11:03:12 +01:00, YYYY-MM-DD HH24:MI:SS TZH:TZM)","MDSYS.SDO_GEOMETRY(2001, 8307, MDSYS.SDO_POINT_TYPE(5.7545, 43.6556, NULL), NULL, NULL)",42
95,"TO_TIMESTAMP_TZ(2026-03-29 11:24:36 +01:00, YYYY-MM-DD HH24:MI:SS TZH:TZM)","MDSYS.SDO_GEOMETRY(2001, 8307, MDSYS.SDO_POINT_TYPE(5.4962, 43.8861, NULL), NULL, NULL)",113
96,"TO_TIMESTAMP_TZ(2025-05-26 12:46:27 +01:00, YYYY-MM-DD HH24:MI:SS TZH:TZM)","MDSYS.SDO_GEOMETRY(2001, 8307, MDSYS.SDO_POINT_TYPE(5.1005, 43.9001, NULL), NULL, NULL)",199
97,"TO_TIMESTAMP_TZ(2025-04-03 03:19:29 +01:00, YYYY-MM-DD HH24:MI:SS TZH:TZM)","MDSYS.SDO_GEOMETRY(2001, 8307, MDSYS.SDO_POINT_TYPE(5.2494, 43.9801, NULL), NULL, NULL)",112
98,"TO_TIMESTAMP_TZ(2025-01-14 00:00:12 +01:00, YYYY-MM-DD HH24:MI:SS TZH:TZM)","MDSYS.SDO_GEOMETRY(2001, 8307, MDSYS.SDO_POINT_TYPE(5.4938, 43.0138, NULL), NULL, NULL)",199
99,"TO_TIMESTAMP_TZ(2026-07-08 06:09:04 +01:00, YYYY-MM-DD HH24:MI:SS TZH:TZM)","MDSYS.SDO_GEOMETRY(2001, 8307, MDSYS.SDO_POINT_TYPE(5.6971, 43.7614, NULL), NULL, NULL)",3
100,"TO_TIMESTAMP_TZ(2026-11-03 04:17:28 +01:00, YYYY-MM-DD HH24:MI:SS TZH:TZM)","MDSYS.SDO_GEOMETRY(2001, 8307, MDSYS.SDO_POINT_TYPE(5.7897, 43.3094, NULL), NULL, NULL)",40
101,"TO_TIMESTAMP_TZ(2026-01-18 15:32:05 +01:00, YYYY-MM-DD HH24:MI:SS TZH:TZM)","MDSYS.SDO_GEOMETRY(2001, 8307, MDSYS.SDO_POINT_TYPE(5.4708, 43.4711, NULL), NULL, NULL)",52
102,"TO_TIMESTAMP_TZ(2026-08-16 19:14:13 +01:00, YYYY-MM-DD HH24:MI:SS TZH:TZM)","MDSYS.SDO_GEOMETRY(2001, 8307, MDSYS.SDO_POINT_TYPE(5.4383, 43.9269, NULL), NULL, NULL)",6
103,"TO_TIMESTAMP_TZ(2026-10-08 19:12:23 +01:00, YYYY-MM-DD HH24:MI:SS TZH:TZM)","MDSYS.SDO_GEOMETRY(2001, 8307, MDSYS.SDO_POINT_TYPE(5.8985, 43.1011, NULL), NULL, NULL)",178
104,"TO_TIMESTAMP_TZ(2026-09-10 09:32:18 +01:00, YYYY-MM-DD HH24:MI:SS TZH:TZM)","MDSYS.SDO_GEOMETRY(2001, 8307, MDSYS.SDO_POINT_TYPE(5.5933, 43.4527, NULL), NULL, NULL)",68
105,"TO_TIMESTAMP_TZ(2026-02-24 10:58:21 +01:00, YYYY-MM-DD HH24:MI:SS TZH:TZM)","MDSYS.SDO_GEOMETRY(2001, 8307, MDSYS.SDO_POINT_TYPE(5.4831, 43.9235, NULL), NULL, NULL)",105
106,"TO_TIMESTAMP_TZ(2025-02-28 13:27:46 +01:00, YYYY-MM-DD HH24:MI:SS TZH:TZM)","MDSYS.SDO_GEOMETRY(2001, 8307, MDSYS.SDO_POINT_TYPE(5.5367, 43.2882, NULL), NULL, NULL)",56
107,"TO_TIMESTAMP_TZ(2026-03-16 14:20:56 +01:00, YYYY-MM-DD HH24:MI:SS TZH:TZM)","MDSYS.SDO_GEOMETRY(2001, 8307, MDSYS.SDO_POINT_TYPE(5.8451, 43.3471, NULL), NULL, NULL)",89
108,"TO_TIMESTAMP_TZ(2025-03-07 11:36:25 +01:00, YYYY-MM-DD HH24:MI:SS TZH:TZM)","MDSYS.SDO_GEOMETRY(2001, 8307, MDSYS.SDO_POINT_TYPE(5.5109, 43.3466, NULL), NULL, NULL)",188
109,"TO_TIMESTAMP_TZ(2025-10-10 20:33:46 +01:00, YYYY-MM-DD HH24:MI:SS TZH:TZM)","MDSYS.SDO_GEOMETRY(2001, 8307, MDSYS.SDO_POINT_TYPE(5.3922, 43.3728, NULL), NULL, NULL)",43
110,"TO_TIMESTAMP_TZ(2025-01-03 13:40:56 +01:00, YYYY-MM-DD HH24:MI:SS TZH:TZM)","MDSYS.SDO_GEOMETRY(2001, 8307, MDSYS.SDO_POINT_TYPE(5.6948, 43.5169, NULL), NULL, NULL)",22
111,"TO_TIMESTAMP_TZ(2025-04-19 01:57:45 +01:00, YYYY-MM-DD HH24:MI:SS TZH:TZM)","MDSYS.SDO_GEOMETRY(2001, 8307, MDSYS.SDO_POINT_TYPE(5.5908, 43.3523, NULL), NULL, NULL)",193
112,"TO_TIMESTAMP_TZ(2025-12-24 19:24:51 +01:00, YYYY-MM-DD HH24:MI:SS TZH:TZM)","MDSYS.SDO_GEOMETRY(2001, 8307, MDSYS.SDO_POINT_TYPE(5.4098, 43.7645, NULL), NULL, NULL)",132
113,"TO_TIMESTAMP_TZ(2025-06-28 05:36:03 +01:00, YYYY-MM-DD HH24:MI:SS TZH:TZM)","MDSYS.SDO_GEOMETRY(2001, 8307, MDSYS.SDO_POINT_TYPE(5.2138, 43.5363, NULL), NULL, NULL)",87
114,"TO_TIMESTAMP_TZ(2026-08-08 14:36:39 +01:00, YYYY-MM-DD HH24:MI:SS TZH:TZM)","MDSYS.SDO_GEOMETRY(2001, 8307, MDSYS.SDO_POINT_TYPE(5.7821, 43.002, NULL), NULL, NULL)",166
115,"TO_TIMESTAMP_TZ(2026-10-22 06:55:38 +01:00, YYYY-MM-DD HH24:MI:SS TZH:TZM)","MDSYS.SDO_GEOMETRY(2001, 8307, MDSYS.SDO_POINT_TYPE(5.3383, 43.544, NULL), NULL, NULL)",89
116,"TO_TIMESTAMP_TZ(2026-09-10 15:56:30 +01:00, YYYY-MM-DD HH24:MI:SS TZH:TZM)","MDSYS.SDO_GEOMETRY(2001, 8307, MDSYS.SDO_POINT_TYPE(5.7908, 43.2684, NULL), NULL, NULL)",167
117,"TO_TIMESTAMP_TZ(2025-02-18 23:40:38 +01:00, YYYY-MM-DD HH24:MI:SS TZH:TZM)","MDSYS.SDO_GEOMETRY(2001, 8307, MDSYS.SDO_POINT_TYPE(5.9089, 43.4066, NULL), NULL, NULL)",10
118,"TO_TIMESTAMP_TZ(2026-02-17 09:49:15 +01:00, YYYY-MM-DD HH24:MI:SS TZH:TZM)","MDSYS.SDO_GEOMETRY(2001, 8307, MDSYS.SDO_POINT_TYPE(5.6539, 43.4151, NULL), NULL, NULL)",73
119,"TO_TIMESTAMP_TZ(2026-10-28 15:17:21 +01:00, YYYY-MM-DD HH24:MI:SS TZH:TZM)","MDSYS.SDO_GEOMETRY(2001, 8307, MDSYS.SDO_POINT_TYPE(5.3469, 43.6708, NULL), NULL, NULL)",104
120,"TO_TIMESTAMP_TZ(2026-12-06 04:45:14 +01:00, YYYY-MM-DD HH24:MI:SS TZH:TZM)","MDSYS.SDO_GEOMETRY(2001, 8307, MDSYS.SDO_POINT_TYPE(5.7407, 43.4577, NULL), NULL, NULL)",76
121,"TO_TIMESTAMP_TZ(2025-02-09 18:52:06 +01:00, YYYY-MM-DD HH24:MI:SS TZH:TZM)","MDSYS.SDO_GEOMETRY(2001, 8307, MDSYS.SDO_POINT_TYPE(5.4306, 43.9147, NULL), NULL, NULL)",57
122,"TO_TIMESTAMP_TZ(2026-01-19 22:05:14 +01:00, YYYY-MM-DD HH24:MI:SS TZH:TZM)","MDSYS.SDO_GEOMETRY(2001, 8307, MDSYS.SDO_POINT_TYPE(5.096, 43.5068, NULL), NULL, NULL)",69
123,"TO_TIMESTAMP_TZ(2026-10-06 23:58:06 +01:00, YYYY-MM-DD HH24:MI:SS TZH:TZM)","MDSYS.SDO_GEOMETRY(2001, 8307, MDSYS.SDO_POINT_TYPE(5.3452, 43.5126, NULL), NULL, NULL)",159
124,"TO_TIMESTAMP_TZ(2025-06-28 03:52:01 +01:00, YYYY-MM-DD HH24:MI:SS TZH:TZM)","MDSYS.SDO_GEOMETRY(2001, 8307, MDSYS.SDO_POINT_TYPE(5.4532, 43.5086, NULL), NULL, NULL)",152
125,"TO_TIMESTAMP_TZ(2025-12-06 15:36:46 +01:00, YYYY-MM-DD HH24:MI:SS TZH:TZM)","MDSYS.SDO_GEOMETRY(2001, 8307, MDSYS.SDO_POINT_TYPE(5.826, 43.848, NULL), NULL, NULL)",10
126,"TO_TIMESTAMP_TZ(2025-09-29 23:51:36 +01:00, YYYY-MM-DD HH24:MI:SS TZH:TZM)","MDSYS.SDO_GEOMETRY(2001, 8307, MDSYS.SDO_POINT_TYPE(5.764, 43.0367, NULL), NULL, NULL)",47
127,"TO_TIMESTAMP_TZ(2025-09-16 23:21:22 +01:00, YYYY-MM-DD HH24:MI:SS TZH:TZM)","MDSYS.SDO_GEOMETRY(2001, 8307, MDSYS.SDO_POINT_TYPE(5.2026, 43.3106, NULL), NULL, NULL)",185
128,"TO_TIMESTAMP_TZ(2026-01-15 08:13:43 +01:00, YYYY-MM-DD HH24:MI:SS TZH:TZM)","MDSYS.SDO_GEOMETRY(2001, 8307, MDSYS.SDO_POINT_TYPE(5.1746, 43.5663, NULL), NULL, NULL)",38
129,"TO_TIMESTAMP_TZ(2026-08-01 16:06:36 +01:00, YYYY-MM-DD HH24:MI:SS TZH:TZM)","MDSYS.SDO_GEOMETRY(2001, 8307, MDSYS.SDO_POINT_TYPE(5.3431, 43.9592, NULL), NULL, NULL)",89
130,"TO_TIMESTAMP_TZ(2025-09-05 07:03:03 +01:00, YYYY-MM-DD HH24:MI:SS TZH:TZM)","MDSYS.SDO_GEOMETRY(2001, 8307, MDSYS.SDO_POINT_TYPE(5.0713, 43.8825, NULL), NULL, NULL)",171
131,"TO_TIMESTAMP_TZ(2025-02-19 10:06:35 +01:00, YYYY-MM-DD HH24:MI:SS TZH:TZM)","MDSYS.SDO_GEOMETRY(2001, 8307, MDSYS.SDO_POINT_TYPE(5.2756, 43.1282, NULL), NULL, NULL)",52
132,"TO_TIMESTAMP_TZ(2025-09-24 14:01:32 +01:00, YYYY-MM-DD HH24:MI:SS TZH:TZM)","MDSYS.SDO_GEOMETRY(2001, 8307, MDSYS.SDO_POINT_TYPE(5.5184, 43.8639, NULL), NULL, NULL)",168
133,"TO_TIMESTAMP_TZ(2026-04-21 07:26:39 +01:00, YYYY-MM-DD HH24:MI:SS TZH:TZM)","MDSYS.SDO_GEOMETRY(2001, 8307, MDSYS.SDO_POINT_TYPE(5.8116, 43.0524, NULL), NULL, NULL)",104
134,"TO_TIMESTAMP_TZ(2026-07-05 20:11:46 +01:00, YYYY-MM-DD HH24:MI:SS TZH:TZM)","MDSYS.SDO_GEOMETRY(2001, 8307, MDSYS.SDO_POINT_TYPE(5.2893, 43.9445, NULL), NULL, NULL)",50
135,"TO_TIMESTAMP_TZ(2025-12-12 22:32:09 +01:00, YYYY-MM-DD HH24:MI:SS TZH:TZM)","MDSYS.SDO_GEOMETRY(2001, 8307, MDSYS.SDO_POINT_TYPE(5.7553, 43.0278, NULL), NULL, NULL)",176
136,"TO_TIMESTAMP_TZ(2026-02-12 08:22:01 +01:00, YYYY-MM-DD HH24:MI:SS TZH:TZM)","MDSYS.SDO_GEOMETRY(2001, 8307, MDSYS.SDO_POINT_TYPE(5.895, 43.3943, NULL), NULL, NULL)",45
137,"TO_TIMESTAMP_TZ(2025-04-22 22:58:35 +01:00, YYYY-MM-DD HH24:MI:SS TZH:TZM)","MDSYS.SDO_GEOMETRY(2001, 8307, MDSYS.SDO_POINT_TYPE(5.2729, 43.2007, NULL), NULL, NULL)",69
138,"TO_TIMESTAMP_TZ(2025-07-02 08:14:12 +01:00, YYYY-MM-DD HH24:MI:SS TZH:TZM)","MDSYS.SDO_GEOMETRY(2001, 8307, MDSYS.SDO_POINT_TYPE(5.9436, 43.281, NULL), NULL, NULL)",12
139,"TO_TIMESTAMP_TZ(2026-06-09 13:10:35 +01:00, YYYY-MM-DD HH24:MI:SS TZH:TZM)","MDSYS.SDO_GEOMETRY(2001, 8307, MDSYS.SDO_POINT_TYPE(5.5296, 43.3212, NULL), NULL, NULL)",34
140,"TO_TIMESTAMP_TZ(2026-01-24 04:10:06 +01:00, YYYY-MM-DD HH24:MI:SS TZH:TZM)","MDSYS.SDO_GEOMETRY(2001, 8307, MDSYS.SDO_POINT_TYPE(5.5445, 43.6707, NULL), NULL, NULL)",188
141,"TO_TIMESTAMP_TZ(2026-01-24 07:28:24 +01:00, YYYY-MM-DD HH24:MI:SS TZH:TZM)","MDSYS.SDO_GEOMETRY(2001, 8307, MDSYS.SDO_POINT_TYPE(5.571, 43.0346, NULL), NULL, NULL)",190
142,"TO_TIMESTAMP_TZ(2026-12-30 06:22:32 +01:00, YYYY-MM-DD HH24:MI:SS TZH:TZM)","MDSYS.SDO_GEOMETRY(2001, 8307, MDSYS.SDO_POINT_TYPE(5.978, 43.4369, NULL), NULL, NULL)",164
143,"TO_TIMESTAMP_TZ(2025-02-16 03:11:04 +01:00, YYYY-MM-DD HH24:MI:SS TZH:TZM)","MDSYS.SDO_GEOMETRY(2001, 8307, MDSYS.SDO_POINT_TYPE(5.9493, 43.8765, NULL), NULL, NULL)",165
144,"TO_TIMESTAMP_TZ(2026-12-01 11:27:40 +01:00, YYYY-MM-DD HH24:MI:SS TZH:TZM)","MDSYS.SDO_GEOMETRY(2001, 8307, MDSYS.SDO_POINT_TYPE(5.125, 43.3683, NULL), NULL, NULL)",38
145,"TO_TIMESTAMP_TZ(2025-02-25 02:47:01 +01:00, YYYY-MM-DD HH24:MI:SS TZH:TZM)","MDSYS.SDO_GEOMETRY(2001, 8307, MDSYS.SDO_POINT_TYPE(5.9908, 43.618, NULL), NULL, NULL)",165
146,"TO_TIMESTAMP_TZ(2025-10-21 04:16:03 +01:00, YYYY-MM-DD HH24:MI:SS TZH:TZM)","MDSYS.SDO_GEOMETRY(2001, 8307, MDSYS.SDO_POINT_TYPE(5.3616, 43.849, NULL), NULL, NULL)",10
147,"TO_TIMESTAMP_TZ(2025-06-21 20:57:26 +01:00, YYYY-MM-DD HH24:MI:SS TZH:TZM)","MDSYS.SDO_GEOMETRY(2001, 8307, MDSYS.SDO_POINT_TYPE(5.0021, 43.1374, NULL), NULL, NULL)",29
148,"TO_TIMESTAMP_TZ(2025-12-13 21:19:10 +01:00, YYYY-MM-DD HH24:MI:SS TZH:TZM)","MDSYS.SDO_GEOMETRY(2001, 8307, MDSYS.SDO_POINT_TYPE(5.4976, 43.4305, NULL), NULL, NULL)",196
149,"TO_TIMESTAMP_TZ(2025-09-29 01:12:06 +01:00, YYYY-MM-DD HH24:MI:SS TZH:TZM)","MDSYS.SDO_GEOMETRY(2001, 8307, MDSYS.SDO_POINT_TYPE(5.6481, 43.3174, NULL), NULL, NULL)",103
150,"TO_TIMESTAMP_TZ(2025-09-25 10:28:56 +01:00, YYYY-MM-DD HH24:MI:SS TZH:TZM)","MDSYS.SDO_GEOMETRY(2001, 8307, MDSYS.SDO_POINT_TYPE(5.8891, 43.437, NULL), NULL, NULL)",49
151,"TO_TIMESTAMP_TZ(2025-12-15 19:29:49 +01:00, YYYY-MM-DD HH24:MI:SS TZH:TZM)","MDSYS.SDO_GEOMETRY(2001, 8307, MDSYS.SDO_POINT_TYPE(5.371, 43.3733, NULL), NULL, NULL)",126
152,"TO_TIMESTAMP_TZ(2026-10-07 21:14:15 +01:00, YYYY-MM-DD HH24:MI:SS TZH:TZM)","MDSYS.SDO_GEOMETRY(2001, 8307, MDSYS.SDO_POINT_TYPE(5.1589, 43.3199, NULL), NULL, NULL)",189
153,"TO_TIMESTAMP_TZ(2026-11-24 10:26:34 +01:00, YYYY-MM-DD HH24:MI:SS TZH:TZM)","MDSYS.SDO_GEOMETRY(2001, 8307, MDSYS.SDO_POINT_TYPE(5.1193, 43.197, NULL), NULL, NULL)",86
154,"TO_TIMESTAMP_TZ(2026-12-03 01:33:42 +01:00, YYYY-MM-DD HH24:MI:SS TZH:TZM)","MDSYS.SDO_GEOMETRY(2001, 8307, MDSYS.SDO_POINT_TYPE(5.8418, 43.7032, NULL), NULL, NULL)",83
155,"TO_TIMESTAMP_TZ(2025-10-01 19:09:52 +01:00, YYYY-MM-DD HH24:MI:SS TZH:TZM)","MDSYS.SDO_GEOMETRY(2001, 8307, MDSYS.SDO_POINT_TYPE(5.4425, 43.2056, NULL), NULL, NULL)",131
156,"TO_TIMESTAMP_TZ(2026-11-19 20:52:23 +01:00, YYYY-MM-DD HH24:MI:SS TZH:TZM)","MDSYS.SDO_GEOMETRY(2001, 8307, MDSYS.SDO_POINT_TYPE(5.6841, 43.7711, NULL), NULL, NULL)",143
157,"TO_TIMESTAMP_TZ(2026-08-20 11:29:57 +01:00, YYYY-MM-DD HH24:MI:SS TZH:TZM)","MDSYS.SDO_GEOMETRY(2001, 8307, MDSYS.SDO_POINT_TYPE(5.6671, 43.7816, NULL), NULL, NULL)",14
158,"TO_TIMESTAMP_TZ(2025-05-26 23:58:02 +01:00, YYYY-MM-DD HH24:MI:SS TZH:TZM)","MDSYS.SDO_GEOMETRY(2001, 8307, MDSYS.SDO_POINT_TYPE(5.2119, 43.6804, NULL), NULL, NULL)",120
159,"TO_TIMESTAMP_TZ(2025-03-12 19:06:51 +01:00, YYYY-MM-DD HH24:MI:SS TZH:TZM)","MDSYS.SDO_GEOMETRY(2001, 8307, MDSYS.SDO_POINT_TYPE(5.1022, 43.6091, NULL), NULL, NULL)",88
160,"TO_TIMESTAMP_TZ(2026-03-01 14:32:15 +01:00, YYYY-MM-DD HH24:MI:SS TZH:TZM)","MDSYS.SDO_GEOMETRY(2001, 8307, MDSYS.SDO_POINT_TYPE(5.4523, 43.7742, NULL), NULL, NULL)",11
161,"TO_TIMESTAMP_TZ(2025-01-21 09:47:59 +01:00, YYYY-MM-DD HH24:MI:SS TZH:TZM)","MDSYS.SDO_GEOMETRY(2001, 8307, MDSYS.SDO_POINT_TYPE(5.6834, 43.5586, NULL), NULL, NULL)",49
162,"TO_TIMESTAMP_TZ(2026-10-11 06:33:35 +01:00, YYYY-MM-DD HH24:MI:SS TZH:TZM)","MDSYS.SDO_GEOMETRY(2001, 8307, MDSYS.SDO_POINT_TYPE(5.0863, 43.8736, NULL), NULL, NULL)",79
163,"TO_TIMESTAMP_TZ(2026-06-02 04:21:17 +01:00, YYYY-MM-DD HH24:MI:SS TZH:TZM)","MDSYS.SDO_GEOMETRY(2001, 8307, MDSYS.SDO_POINT_TYPE(5.8732, 43.6886, NULL), NULL, NULL)",86
164,"TO_TIMESTAMP_TZ(2025-01-28 19:41:29 +01:00, YYYY-MM-DD HH24:MI:SS TZH:TZM)","MDSYS.SDO_GEOMETRY(2001, 8307, MDSYS.SDO_POINT_TYPE(5.616, 43.4361, NULL), NULL, NULL)",9
165,"TO_TIMESTAMP_TZ(2025-07-04 11:44:20 +01:00, YYYY-MM-DD HH24:MI:SS TZH:TZM)","MDSYS.SDO_GEOMETRY(2001, 8307, MDSYS.SDO_POINT_TYPE(5.748, 43.4939, NULL), NULL, NULL)",198
166,"TO_TIMESTAMP_TZ(2025-08-20 11:16:06 +01:00, YYYY-MM-DD HH24:MI:SS TZH:TZM)","MDSYS.SDO_GEOMETRY(2001, 8307, MDSYS.SDO_POINT_TYPE(5.2033, 43.5, NULL), NULL, NULL)",114
167,"TO_TIMESTAMP_TZ(2025-05-12 18:06:18 +01:00, YYYY-MM-DD HH24:MI:SS TZH:TZM)","MDSYS.SDO_GEOMETRY(2001, 8307, MDSYS.SDO_POINT_TYPE(5.6385, 43.3957, NULL), NULL, NULL)",154
168,"TO_TIMESTAMP_TZ(2025-07-23 21:09:53 +01:00, YYYY-MM-DD HH24:MI:SS TZH:TZM)","MDSYS.SDO_GEOMETRY(2001, 8307, MDSYS.SDO_POINT_TYPE(5.8932, 43.6141, NULL), NULL, NULL)",178
169,"TO_TIMESTAMP_TZ(2025-03-01 05:48:05 +01:00, YYYY-MM-DD HH24:MI:SS TZH:TZM)","MDSYS.SDO_GEOMETRY(2001, 8307, MDSYS.SDO_POINT_TYPE(5.9413, 43.306, NULL), NULL, NULL)",56
170,"TO_TIMESTAMP_TZ(2026-03-02 18:09:31 +01:00, YYYY-MM-DD HH24:MI:SS TZH:TZM)","MDSYS.SDO_GEOMETRY(2001, 8307, MDSYS.SDO_POINT_TYPE(5.635, 43.9076, NULL), NULL, NULL)",3
171,"TO_TIMESTAMP_TZ(2025-11-12 12:12:55 +01:00, YYYY-MM-DD HH24:MI:SS TZH:TZM)","MDSYS.SDO_GEOMETRY(2001, 8307, MDSYS.SDO_POINT_TYPE(5.5631, 43.6462, NULL), NULL, NULL)",33
172,"TO_TIMESTAMP_TZ(2025-12-15 14:20:37 +01:00, YYYY-MM-DD HH24:MI:SS TZH:TZM)","MDSYS.SDO_GEOMETRY(2001, 8307, MDSYS.SDO_POINT_TYPE(5.7022, 43.4995, NULL), NULL, NULL)",153
173,"TO_TIMESTAMP_TZ(2026-10-06 15:40:35 +01:00, YYYY-MM-DD HH24:MI:SS TZH:TZM)","MDSYS.SDO_GEOMETRY(2001, 8307, MDSYS.SDO_POINT_TYPE(5.5917, 43.6924, NULL), NULL, NULL)",153
174,"TO_TIMESTAMP_TZ(2026-12-04 16:27:11 +01:00, YYYY-MM-DD HH24:MI:SS TZH:TZM)","MDSYS.SDO_GEOMETRY(2001, 8307, MDSYS.SDO_POINT_TYPE(5.6761, 43.7548, NULL), NULL, NULL)",123
175,"TO_TIMESTAMP_TZ(2025-02-17 07:55:20 +01:00, YYYY-MM-DD HH24:MI:SS TZH:TZM)","MDSYS.SDO_GEOMETRY(2001, 8307, MDSYS.SDO_POINT_TYPE(5.7599, 43.3542, NULL), NULL, NULL)",70
176,"TO_TIMESTAMP_TZ(2026-07-21 12:05:22 +01:00, YYYY-MM-DD HH24:MI:SS TZH:TZM)","MDSYS.SDO_GEOMETRY(2001, 8307, MDSYS.SDO_POINT_TYPE(5.842, 43.0881, NULL), NULL, NULL)",86
177,"TO_TIMESTAMP_TZ(2025-03-29 15:53:24 +01:00, YYYY-MM-DD HH24:MI:SS TZH:TZM)","MDSYS.SDO_GEOMETRY(2001, 8307, MDSYS.SDO_POINT_TYPE(5.5325, 43.3139, NULL), NULL, NULL)",97
178,"TO_TIMESTAMP_TZ(2025-09-19 10:06:18 +01:00, YYYY-MM-DD HH24:MI:SS TZH:TZM)","MDSYS.SDO_GEOMETRY(2001, 8307, MDSYS.SDO_POINT_TYPE(5.9695, 43.1915, NULL), NULL, NULL)",26
179,"TO_TIMESTAMP_TZ(2025-07-15 03:42:22 +01:00, YYYY-MM-DD HH24:MI:SS TZH:TZM)","MDSYS.SDO_GEOMETRY(2001, 8307, MDSYS.SDO_POINT_TYPE(5.5893, 43.5708, NULL), NULL, NULL)",187
180,"TO_TIMESTAMP_TZ(2025-04-15 20:20:04 +01:00, YYYY-MM-DD HH24:MI:SS TZH:TZM)","MDSYS.SDO_GEOMETRY(2001, 8307, MDSYS.SDO_POINT_TYPE(5.5629, 43.9414, NULL), NULL, NULL)",194
181,"TO_TIMESTAMP_TZ(2025-11-02 11:56:56 +01:00, YYYY-MM-DD HH24:MI:SS TZH:TZM)","MDSYS.SDO_GEOMETRY(2001, 8307, MDSYS.SDO_POINT_TYPE(5.3883, 43.2565, NULL), NULL, NULL)",109
182,"TO_TIMESTAMP_TZ(2025-11-14 07:26:24 +01:00, YYYY-MM-DD HH24:MI:SS TZH:TZM)","MDSYS.SDO_GEOMETRY(2001, 8307, MDSYS.SDO_POINT_TYPE(5.8903, 43.4706, NULL), NULL, NULL)",13
183,"TO_TIMESTAMP_TZ(2026-02-22 11:44:48 +01:00, YYYY-MM-DD HH24:MI:SS TZH:TZM)","MDSYS.SDO_GEOMETRY(2001, 8307, MDSYS.SDO_POINT_TYPE(5.223, 43.0709, NULL), NULL, NULL)",155
184,"TO_TIMESTAMP_TZ(2025-07-07 15:26:25 +01:00, YYYY-MM-DD HH24:MI:SS TZH:TZM)","MDSYS.SDO_GEOMETRY(2001, 8307, MDSYS.SDO_POINT_TYPE(5.7325, 43.0539, NULL), NULL, NULL)",20
185,"TO_TIMESTAMP_TZ(2026-03-04 18:21:19 +01:00, YYYY-MM-DD HH24:MI:SS TZH:TZM)","MDSYS.SDO_GEOMETRY(2001, 8307, MDSYS.SDO_POINT_TYPE(5.3395, 43.8638, NULL), NULL, NULL)",56
186,"TO_TIMESTAMP_TZ(2025-10-29 07:46:04 +01:00, YYYY-MM-DD HH24:MI:SS TZH:TZM)","MDSYS.SDO_GEOMETRY(2001, 8307, MDSYS.SDO_POINT_TYPE(5.9062, 43.6229, NULL), NULL, NULL)",158
187,"TO_TIMESTAMP_TZ(2026-09-08 06:52:52 +01:00, YYYY-MM-DD HH24:MI:SS TZH:TZM)","MDSYS.SDO_GEOMETRY(2001, 8307, MDSYS.SDO_POINT_TYPE(5.8154, 43.2901, NULL), NULL, NULL)",127
188,"TO_TIMESTAMP_TZ(2026-05-11 07:29:52 +01:00, YYYY-MM-DD HH24:MI:SS TZH:TZM)","MDSYS.SDO_GEOMETRY(2001, 8307, MDSYS.SDO_POINT_TYPE(5.7344, 43.7213, NULL), NULL, NULL)",102
189,"TO_TIMESTAMP_TZ(2025-05-17 03:17:35 +01:00, YYYY-MM-DD HH24:MI:SS TZH:TZM)","MDSYS.SDO_GEOMETRY(2001, 8307, MDSYS.SDO_POINT_TYPE(5.4953, 43.0993, NULL), NULL, NULL)",58
190,"TO_TIMESTAMP_TZ(2026-02-20 10:03:58 +01:00, YYYY-MM-DD HH24:MI:SS TZH:TZM)","MDSYS.SDO_GEOMETRY(2001, 8307, MDSYS.SDO_POINT_TYPE(5.5753, 43.7163, NULL), NULL, NULL)",159
191,"TO_TIMESTAMP_TZ(2026-12-24 06:39:45 +01:00, YYYY-MM-DD HH24:MI:SS TZH:TZM)","MDSYS.SDO_GEOMETRY(2001, 8307, MDSYS.SDO_POINT_TYPE(5.4609, 43.8222, NULL), NULL, NULL)",86
192,"TO_TIMESTAMP_TZ(2026-05-30 12:21:43 +01:00, YYYY-MM-DD HH24:MI:SS TZH:TZM)","MDSYS.SDO_GEOMETRY(2001, 8307, MDSYS.SDO_POINT_TYPE(5.777, 43.7546, NULL), NULL, NULL)",92
193,"TO_TIMESTAMP_TZ(2025-12-30 15:06:04 +01:00, YYYY-MM-DD HH24:MI:SS TZH:TZM)","MDSYS.SDO_GEOMETRY(2001, 8307, MDSYS.SDO_POINT_TYPE(5.0299, 43.7742, NULL), NULL, NULL)",27
194,"TO_TIMESTAMP_TZ(2025-01-02 08:46:49 +01:00, YYYY-MM-DD HH24:MI:SS TZH:TZM)","MDSYS.SDO_GEOMETRY(2001, 8307, MDSYS.SDO_POINT_TYPE(5.6007, 43.8122, NULL), NULL, NULL)",27
195,"TO_TIMESTAMP_TZ(2026-02-18 05:23:31 +01:00, YYYY-MM-DD HH24:MI:SS TZH:TZM)","MDSYS.SDO_GEOMETRY(2001, 8307, MDSYS.SDO_POINT_TYPE(5.1496, 43.4546, NULL), NULL, NULL)",147
196,"TO_TIMESTAMP_TZ(2026-11-01 19:50:43 +01:00, YYYY-MM-DD HH24:MI:SS TZH:TZM)","MDSYS.SDO_GEOMETRY(2001, 8307, MDSYS.SDO_POINT_TYPE(5.0232, 43.075, NULL), NULL, NULL)",71
197,"TO_TIMESTAMP_TZ(2025-09-09 11:20:42 +01:00, YYYY-MM-DD HH24:MI:SS TZH:TZM)","MDSYS.SDO_GEOMETRY(2001, 8307, MDSYS.SDO_POINT_TYPE(5.885, 43.7979, NULL), NULL, NULL)",91
198,"TO_TIMESTAMP_TZ(2025-01-25 07:25:00 +01:00, YYYY-MM-DD HH24:MI:SS TZH:TZM)","MDSYS.SDO_GEOMETRY(2001, 8307, MDSYS.SDO_POINT_TYPE(5.7052, 43.7986, NULL), NULL, NULL)",145
199,"TO_TIMESTAMP_TZ(2025-04-28 00:35:35 +01:00, YYYY-MM-DD HH24:MI:SS TZH:TZM)","MDSYS.SDO_GEOMETRY(2001, 8307, MDSYS.SDO_POINT_TYPE(5.8869, 43.7205, NULL), NULL, NULL)",97
200,"TO_TIMESTAMP_TZ(2026-06-28 03:00:10 +01:00, YYYY-MM-DD HH24:MI:SS TZH:TZM)","MDSYS.SDO_GEOMETRY(2001, 8307, MDSYS.SDO_POINT_TYPE(5.1529, 43.1529, NULL), NULL, NULL)",71
201,"TO_TIMESTAMP_TZ(2026-03-16 12:57:33 +01:00, YYYY-MM-DD HH24:MI:SS TZH:TZM)","MDSYS.SDO_GEOMETRY(2001, 8307, MDSYS.SDO_POINT_TYPE(5.3092, 43.0215, NULL), NULL, NULL)",99
202,"TO_TIMESTAMP_TZ(2026-07-24 18:26:31 +01:00, YYYY-MM-DD HH24:MI:SS TZH:TZM)","MDSYS.SDO_GEOMETRY(2001, 8307, MDSYS.SDO_POINT_TYPE(5.3582, 43.9211, NULL), NULL, NULL)",51
203,"TO_TIMESTAMP_TZ(2026-04-06 08:36:55 +01:00, YYYY-MM-DD HH24:MI:SS TZH:TZM)","MDSYS.SDO_GEOMETRY(2001, 8307, MDSYS.SDO_POINT_TYPE(5.4441, 43.831, NULL), NULL, NULL)",128
204,"TO_TIMESTAMP_TZ(2026-06-21 01:01:32 +01:00, YYYY-MM-DD HH24:MI:SS TZH:TZM)","MDSYS.SDO_GEOMETRY(2001, 8307, MDSYS.SDO_POINT_TYPE(5.2957, 43.905, NULL), NULL, NULL)",34
205,"TO_TIMESTAMP_TZ(2026-08-29 22:30:41 +01:00, YYYY-MM-DD HH24:MI:SS TZH:TZM)","MDSYS.SDO_GEOMETRY(2001, 8307, MDSYS.SDO_POINT_TYPE(5.2798, 43.4815, NULL), NULL, NULL)",64
206,"TO_TIMESTAMP_TZ(2026-09-15 01:15:51 +01:00, YYYY-MM-DD HH24:MI:SS TZH:TZM)","MDSYS.SDO_GEOMETRY(2001, 8307, MDSYS.SDO_POINT_TYPE(5.8313, 43.0752, NULL), NULL, NULL)",88
207,"TO_TIMESTAMP_TZ(2026-08-29 15:51:14 +01:00, YYYY-MM-DD HH24:MI:SS TZH:TZM)","MDSYS.SDO_GEOMETRY(2001, 8307, MDSYS.SDO_POINT_TYPE(5.8635, 43.1946, NULL), NULL, NULL)",72
208,"TO_TIMESTAMP_TZ(2026-02-03 00:58:23 +01:00, YYYY-MM-DD HH24:MI:SS TZH:TZM)","MDSYS.SDO_GEOMETRY(2001, 8307, MDSYS.SDO_POINT_TYPE(5.009, 43.7666, NULL), NULL, NULL)",79
209,"TO_TIMESTAMP_TZ(2025-08-14 19:05:30 +01:00, YYYY-MM-DD HH24:MI:SS TZH:TZM)","MDSYS.SDO_GEOMETRY(2001, 8307, MDSYS.SDO_POINT_TYPE(5.5077, 43.8599, NULL), NULL, NULL)",36
210,"TO_TIMESTAMP_TZ(2026-03-05 12:54:22 +01:00, YYYY-MM-DD HH24:MI:SS TZH:TZM)","MDSYS.SDO_GEOMETRY(2001, 8307, MDSYS.SDO_POINT_TYPE(5.1438, 43.7672, NULL), NULL, NULL)",160
211,"TO_TIMESTAMP_TZ(2025-11-20 07:39:16 +01:00, YYYY-MM-DD HH24:MI:SS TZH:TZM)","MDSYS.SDO_GEOMETRY(2001, 8307, MDSYS.SDO_POINT_TYPE(5.1396, 43.8708, NULL), NULL, NULL)",23
212,"TO_TIMESTAMP_TZ(2025-07-30 03:21:46 +01:00, YYYY-MM-DD HH24:MI:SS TZH:TZM)","MDSYS.SDO_GEOMETRY(2001, 8307, MDSYS.SDO_POINT_TYPE(5.2869, 43.8218, NULL), NULL, NULL)",55
213,"TO_TIMESTAMP_TZ(2026-08-24 00:23:00 +01:00, YYYY-MM-DD HH24:MI:SS TZH:TZM)","MDSYS.SDO_GEOMETRY(2001, 8307, MDSYS.SDO_POINT_TYPE(5.764, 43.4011, NULL), NULL, NULL)",53
214,"TO_TIMESTAMP_TZ(2026-07-26 01:07:34 +01:00, YYYY-MM-DD HH24:MI:SS TZH:TZM)","MDSYS.SDO_GEOMETRY(2001, 8307, MDSYS.SDO_POINT_TYPE(5.6746, 43.0811, NULL), NULL, NULL)",105
215,"TO_TIMESTAMP_TZ(2025-12-20 10:45:40 +01:00, YYYY-MM-DD HH24:MI:SS TZH:TZM)","MDSYS.SDO_GEOMETRY(2001, 8307, MDSYS.SDO_POINT_TYPE(5.841, 43.7751, NULL), NULL, NULL)",138
216,"TO_TIMESTAMP_TZ(2026-06-14 20:08:47 +01:00, YYYY-MM-DD HH24:MI:SS TZH:TZM)","MDSYS.SDO_GEOMETRY(2001, 8307, MDSYS.SDO_POINT_TYPE(5.42, 43.4452, NULL), NULL, NULL)",196
217,"TO_TIMESTAMP_TZ(2026-02-19 11:04:08 +01:00, YYYY-MM-DD HH24:MI:SS TZH:TZM)","MDSYS.SDO_GEOMETRY(2001, 8307, MDSYS.SDO_POINT_TYPE(5.0839, 43.8995, NULL), NULL, NULL)",35
218,"TO_TIMESTAMP_TZ(2026-08-26 22:38:38 +01:00, YYYY-MM-DD HH24:MI:SS TZH:TZM)","MDSYS.SDO_GEOMETRY(2001, 8307, MDSYS.SDO_POINT_TYPE(5.8615, 43.8013, NULL), NULL, NULL)",78
219,"TO_TIMESTAMP_TZ(2026-10-22 05:06:53 +01:00, YYYY-MM-DD HH24:MI:SS TZH:TZM)","MDSYS.SDO_GEOMETRY(2001, 8307, MDSYS.SDO_POINT_TYPE(5.0796, 43.6158, NULL), NULL, NULL)",182
220,"TO_TIMESTAMP_TZ(2025-07-23 17:56:59 +01:00, YYYY-MM-DD HH24:MI:SS TZH:TZM)","MDSYS.SDO_GEOMETRY(2001, 8307, MDSYS.SDO_POINT_TYPE(5.8999, 43.3887, NULL), NULL, NULL)",18
221,"TO_TIMESTAMP_TZ(2026-05-28 08:43:09 +01:00, YYYY-MM-DD HH24:MI:SS TZH:TZM)","MDSYS.SDO_GEOMETRY(2001, 8307, MDSYS.SDO_POINT_TYPE(5.1757, 43.614, NULL), NULL, NULL)",15
222,"TO_TIMESTAMP_TZ(2026-11-01 14:15:50 +01:00, YYYY-MM-DD HH24:MI:SS TZH:TZM)","MDSYS.SDO_GEOMETRY(2001, 8307, MDSYS.SDO_POINT_TYPE(5.5126, 43.5576, NULL), NULL, NULL)",120
223,"TO_TIMESTAMP_TZ(2026-12-13 16:54:26 +01:00, YYYY-MM-DD HH24:MI:SS TZH:TZM)","MDSYS.SDO_GEOMETRY(2001, 8307, MDSYS.SDO_POINT_TYPE(5.4092, 43.0499, NULL), NULL, NULL)",69
224,"TO_TIMESTAMP_TZ(2025-11-13 03:25:03 +01:00, YYYY-MM-DD HH24:MI:SS TZH:TZM)","MDSYS.SDO_GEOMETRY(2001, 8307, MDSYS.SDO_POINT_TYPE(5.7733, 43.2418, NULL), NULL, NULL)",30
225,"TO_TIMESTAMP_TZ(2026-05-05 07:45:18 +01:00, YYYY-MM-DD HH24:MI:SS TZH:TZM)","MDSYS.SDO_GEOMETRY(2001, 8307, MDSYS.SDO_POINT_TYPE(5.2365, 43.015, NULL), NULL, NULL)",14
226,"TO_TIMESTAMP_TZ(2025-11-28 03:14:58 +01:00, YYYY-MM-DD HH24:MI:SS TZH:TZM)","MDSYS.SDO_GEOMETRY(2001, 8307, MDSYS.SDO_POINT_TYPE(5.5069, 43.9765, NULL), NULL, NULL)",113
227,"TO_TIMESTAMP_TZ(2026-04-05 17:29:02 +01:00, YYYY-MM-DD HH24:MI:SS TZH:TZM)","MDSYS.SDO_GEOMETRY(2001, 8307, MDSYS.SDO_POINT_TYPE(5.8425, 43.064, NULL), NULL, NULL)",63
228,"TO_TIMESTAMP_TZ(2026-11-16 02:24:47 +01:00, YYYY-MM-DD HH24:MI:SS TZH:TZM)","MDSYS.SDO_GEOMETRY(2001, 8307, MDSYS.SDO_POINT_TYPE(5.3375, 43.2932, NULL), NULL, NULL)",188
229,"TO_TIMESTAMP_TZ(2026-11-17 07:07:51 +01:00, YYYY-MM-DD HH24:MI:SS TZH:TZM)","MDSYS.SDO_GEOMETRY(2001, 8307, MDSYS.SDO_POINT_TYPE(5.3541, 43.4014, NULL), NULL, NULL)",147
230,"TO_TIMESTAMP_TZ(2026-01-02 21:41:00 +01:00, YYYY-MM-DD HH24:MI:SS TZH:TZM)","MDSYS.SDO_GEOMETRY(2001, 8307, MDSYS.SDO_POINT_TYPE(5.356, 43.3774, NULL), NULL, NULL)",175
231,"TO_TIMESTAMP_TZ(2026-02-23 23:42:59 +01:00, YYYY-MM-DD HH24:MI:SS TZH:TZM)","MDSYS.SDO_GEOMETRY(2001, 8307, MDSYS.SDO_POINT_TYPE(5.9711, 43.2596, NULL), NULL, NULL)",34
232,"TO_TIMESTAMP_TZ(2026-10-15 03:49:05 +01:00, YYYY-MM-DD HH24:MI:SS TZH:TZM)","MDSYS.SDO_GEOMETRY(2001, 8307, MDSYS.SDO_POINT_TYPE(5.5415, 43.4994, NULL), NULL, NULL)",13
233,"TO_TIMESTAMP_TZ(2025-05-15 08:38:56 +01:00, YYYY-MM-DD HH24:MI:SS TZH:TZM)","MDSYS.SDO_GEOMETRY(2001, 8307, MDSYS.SDO_POINT_TYPE(5.8554, 43.4333, NULL), NULL, NULL)",16
234,"TO_TIMESTAMP_TZ(2026-09-28 20:52:10 +01:00, YYYY-MM-DD HH24:MI:SS TZH:TZM)","MDSYS.SDO_GEOMETRY(2001, 8307, MDSYS.SDO_POINT_TYPE(5.945, 43.5018, NULL), NULL, NULL)",27
235,"TO_TIMESTAMP_TZ(2026-05-18 06:45:43 +01:00, YYYY-MM-DD HH24:MI:SS TZH:TZM)","MDSYS.SDO_GEOMETRY(2001, 8307, MDSYS.SDO_POINT_TYPE(5.6661, 43.9312, NULL), NULL, NULL)",121
236,"TO_TIMESTAMP_TZ(2025-04-14 02:59:24 +01:00, YYYY-MM-DD HH24:MI:SS TZH:TZM)","MDSYS.SDO_GEOMETRY(2001, 8307, MDSYS.SDO_POINT_TYPE(5.3965, 43.3099, NULL), NULL, NULL)",170
237,"TO_TIMESTAMP_TZ(2026-07-09 23:21:12 +01:00, YYYY-MM-DD HH24:MI:SS TZH:TZM)","MDSYS.SDO_GEOMETRY(2001, 8307, MDSYS.SDO_POINT_TYPE(5.0664, 43.3949, NULL), NULL, NULL)",58
238,"TO_TIMESTAMP_TZ(2026-08-10 11:42:40 +01:00, YYYY-MM-DD HH24:MI:SS TZH:TZM)","MDSYS.SDO_GEOMETRY(2001, 8307, MDSYS.SDO_POINT_TYPE(5.2742, 43.0706, NULL), NULL, NULL)",177
239,"TO_TIMESTAMP_TZ(2025-01-11 10:41:03 +01:00, YYYY-MM-DD HH24:MI:SS TZH:TZM)","MDSYS.SDO_GEOMETRY(2001, 8307, MDSYS.SDO_POINT_TYPE(5.5746, 43.5973, NULL), NULL, NULL)",63
240,"TO_TIMESTAMP_TZ(2025-03-08 22:21:37 +01:00, YYYY-MM-DD HH24:MI:SS TZH:TZM)","MDSYS.SDO_GEOMETRY(2001, 8307, MDSYS.SDO_POINT_TYPE(5.603, 43.6858, NULL), NULL, NULL)",107
241,"TO_TIMESTAMP_TZ(2026-11-30 23:48:21 +01:00, YYYY-MM-DD HH24:MI:SS TZH:TZM)","MDSYS.SDO_GEOMETRY(2001, 8307, MDSYS.SDO_POINT_TYPE(5.7614, 43.1018, NULL), NULL, NULL)",52
242,"TO_TIMESTAMP_TZ(2026-07-12 02:28:19 +01:00, YYYY-MM-DD HH24:MI:SS TZH:TZM)","MDSYS.SDO_GEOMETRY(2001, 8307, MDSYS.SDO_POINT_TYPE(5.3133, 43.8818, NULL), NULL, NULL)",71
243,"TO_TIMESTAMP_TZ(2026-03-20 00:17:21 +01:00, YYYY-MM-DD HH24:MI:SS TZH:TZM)","MDSYS.SDO_GEOMETRY(2001, 8307, MDSYS.SDO_POINT_TYPE(5.0731, 43.5945, NULL), NULL, NULL)",88
244,"TO_TIMESTAMP_TZ(2025-09-22 03:23:43 +01:00, YYYY-MM-DD HH24:MI:SS TZH:TZM)","MDSYS.SDO_GEOMETRY(2001, 8307, MDSYS.SDO_POINT_TYPE(5.3307, 43.3717, NULL), NULL, NULL)",188
245,"TO_TIMESTAMP_TZ(2025-12-19 07:21:18 +01:00, YYYY-MM-DD HH24:MI:SS TZH:TZM)","MDSYS.SDO_GEOMETRY(2001, 8307, MDSYS.SDO_POINT_TYPE(5.0642, 43.0526, NULL), NULL, NULL)",97
246,"TO_TIMESTAMP_TZ(2025-02-26 14:08:42 +01:00, YYYY-MM-DD HH24:MI:SS TZH:TZM)","MDSYS.SDO_GEOMETRY(2001, 8307, MDSYS.SDO_POINT_TYPE(5.7667, 43.4856, NULL), NULL, NULL)",115
247,"TO_TIMESTAMP_TZ(2026-07-26 06:14:36 +01:00, YYYY-MM-DD HH24:MI:SS TZH:TZM)","MDSYS.SDO_GEOMETRY(2001, 8307, MDSYS.SDO_POINT_TYPE(5.9156, 43.7457, NULL), NULL, NULL)",91
248,"TO_TIMESTAMP_TZ(2026-12-11 18:45:27 +01:00, YYYY-MM-DD HH24:MI:SS TZH:TZM)","MDSYS.SDO_GEOMETRY(2001, 8307, MDSYS.SDO_POINT_TYPE(5.6878, 43.3033, NULL), NULL, NULL)",39
249,"TO_TIMESTAMP_TZ(2025-07-03 09:13:20 +01:00, YYYY-MM-DD HH24:MI:SS TZH:TZM)","MDSYS.SDO_GEOMETRY(2001, 8307, MDSYS.SDO_POINT_TYPE(5.7832, 43.9436, NULL), NULL, NULL)",14
250,"TO_TIMESTAMP_TZ(2026-09-23 05:21:36 +01:00, YYYY-MM-DD HH24:MI:SS TZH:TZM)","MDSYS.SDO_GEOMETRY(2001, 8307, MDSYS.SDO_POINT_TYPE(5.3096, 43.8612, NULL), NULL, NULL)",78
